-- PACIENTES
INSERT INTO paciente (id, nombre, email, fecha_nacimiento) VALUES (1, 'Javier Gómez', 'javier.gómez@example.com', '1994-06-17');
INSERT INTO paciente (id, nombre, email, fecha_nacimiento) VALUES (2, 'María García', 'maría.garcía@example.com', '1953-05-08');
INSERT INTO paciente (id, nombre, email, fecha_nacimiento) VALUES (3, 'Javier Sánchez', 'javier.sánchez@example.com', '1976-01-14');
INSERT INTO paciente (id, nombre, email, fecha_nacimiento) VALUES (4, 'Raúl Sánchez', 'raúl.sánchez@example.com', '1998-12-22');
INSERT INTO paciente (id, nombre, email, fecha_nacimiento) VALUES (5, 'Marta López', 'marta.lópez@example.com', '1982-09-01');
INSERT INTO paciente (id, nombre, email, fecha_nacimiento) VALUES (6, 'Marta Pérez', 'marta.pérez@example.com', '1999-04-20');
INSERT INTO paciente (id, nombre, email, fecha_nacimiento) VALUES (7, 'María Fernández', 'maría.fernández@example.com', '1968-01-01');
INSERT INTO paciente (id, nombre, email, fecha_nacimiento) VALUES (8, 'Raúl Pérez', 'raúl.pérez@example.com', '2001-12-21');
INSERT INTO paciente (id, nombre, email, fecha_nacimiento) VALUES (9, 'Sergio Sánchez', 'sergio.sánchez@example.com', '1979-07-14');
INSERT INTO paciente (id, nombre, email, fecha_nacimiento) VALUES (10, 'Pedro Sánchez', 'pedro.sánchez@example.com', '1968-11-21');
INSERT INTO paciente (id, nombre, email, fecha_nacimiento) VALUES (11, 'Raúl Gómez', 'raúl.gómez@example.com', '1959-11-19');
INSERT INTO paciente (id, nombre, email, fecha_nacimiento) VALUES (12, 'Lucía Sánchez', 'lucía.sánchez@example.com', '1961-04-06');
INSERT INTO paciente (id, nombre, email, fecha_nacimiento) VALUES (13, 'María García', 'maría.garcía@example.com', '1966-11-15');
INSERT INTO paciente (id, nombre, email, fecha_nacimiento) VALUES (14, 'Pedro Gómez', 'pedro.gómez@example.com', '1955-09-24');
INSERT INTO paciente (id, nombre, email, fecha_nacimiento) VALUES (15, 'María Fernández', 'maría.fernández@example.com', '1999-04-16');
INSERT INTO paciente (id, nombre, email, fecha_nacimiento) VALUES (16, 'Luis Fernández', 'luis.fernández@example.com', '1971-09-19');
INSERT INTO paciente (id, nombre, email, fecha_nacimiento) VALUES (17, 'Javier Ruiz', 'javier.ruiz@example.com', '1951-03-16');
INSERT INTO paciente (id, nombre, email, fecha_nacimiento) VALUES (18, 'Paula Pérez', 'paula.pérez@example.com', '1989-02-11');
INSERT INTO paciente (id, nombre, email, fecha_nacimiento) VALUES (19, 'Lucía Fernández', 'lucía.fernández@example.com', '1982-07-01');
INSERT INTO paciente (id, nombre, email, fecha_nacimiento) VALUES (20, 'Luis Sánchez', 'luis.sánchez@example.com', '2004-04-05');

-- PROFESIONALES
INSERT INTO profesional (id, nombre, especialidad) VALUES (1, 'Sergio López', 'Traumatología');
INSERT INTO profesional (id, nombre, especialidad) VALUES (2, 'Paula López', 'Medicina General');
INSERT INTO profesional (id, nombre, especialidad) VALUES (3, 'Paula López', 'Pediatría');
INSERT INTO profesional (id, nombre, especialidad) VALUES (4, 'Lucía Ruiz', 'Cardiología');
INSERT INTO profesional (id, nombre, especialidad) VALUES (5, 'Carlos Martínez', 'Cardiología');
INSERT INTO profesional (id, nombre, especialidad) VALUES (6, 'Javier Ruiz', 'Cardiología');
INSERT INTO profesional (id, nombre, especialidad) VALUES (7, 'Lucía García', 'Traumatología');
INSERT INTO profesional (id, nombre, especialidad) VALUES (8, 'María Gómez', 'Dermatología');

-- CONSULTAS
INSERT INTO consulta (id, fecha, diagnostico, observaciones) VALUES (1, '2026-06-02', 'Control rutinario', 'Sin incidencias');
INSERT INTO consulta (id, fecha, diagnostico, observaciones) VALUES (2, '2026-10-20', 'Control rutinario', 'Requiere seguimiento');
INSERT INTO consulta (id, fecha, diagnostico, observaciones) VALUES (3, '2026-04-11', 'Dolor muscular', 'Sin incidencias');
INSERT INTO consulta (id, fecha, diagnostico, observaciones) VALUES (4, '2025-06-30', 'Sin patología relevante', 'Sin incidencias');
INSERT INTO consulta (id, fecha, diagnostico, observaciones) VALUES (5, '2026-09-26', 'Control rutinario', 'Se receta medicación');
INSERT INTO consulta (id, fecha, diagnostico, observaciones) VALUES (6, '2026-05-27', 'Control rutinario', 'Paciente evoluciona favorablemente');
INSERT INTO consulta (id, fecha, diagnostico, observaciones) VALUES (7, '2026-12-17', 'Dolor muscular', 'Sin incidencias');
INSERT INTO consulta (id, fecha, diagnostico, observaciones) VALUES (8, '2026-01-15', 'Control rutinario', 'Sin incidencias');
INSERT INTO consulta (id, fecha, diagnostico, observaciones) VALUES (9, '2026-10-07', 'Sin patología relevante', 'Requiere seguimiento');
INSERT INTO consulta (id, fecha, diagnostico, observaciones) VALUES (10, '2025-02-23', 'Seguimiento', 'Requiere seguimiento');
INSERT INTO consulta (id, fecha, diagnostico, observaciones) VALUES (11, '2024-10-09', 'Control rutinario', 'Paciente evoluciona favorablemente');
INSERT INTO consulta (id, fecha, diagnostico, observaciones) VALUES (12, '2026-12-28', 'Sin patología relevante', 'Requiere seguimiento');
INSERT INTO consulta (id, fecha, diagnostico, observaciones) VALUES (13, '2024-12-30', 'Infección leve', 'Requiere seguimiento');
INSERT INTO consulta (id, fecha, diagnostico, observaciones) VALUES (14, '2024-03-13', 'Control rutinario', 'Se receta medicación');
INSERT INTO consulta (id, fecha, diagnostico, observaciones) VALUES (15, '2025-11-06', 'Infección leve', 'Requiere seguimiento');
INSERT INTO consulta (id, fecha, diagnostico, observaciones) VALUES (16, '2025-12-11', 'Seguimiento', 'Requiere seguimiento');
INSERT INTO consulta (id, fecha, diagnostico, observaciones) VALUES (17, '2024-05-19', 'Control rutinario', 'Paciente evoluciona favorablemente');
INSERT INTO consulta (id, fecha, diagnostico, observaciones) VALUES (18, '2025-06-25', 'Dolor muscular', 'Sin incidencias');
INSERT INTO consulta (id, fecha, diagnostico, observaciones) VALUES (19, '2025-12-10', 'Seguimiento', 'Se receta medicación');
INSERT INTO consulta (id, fecha, diagnostico, observaciones) VALUES (20, '2025-09-23', 'Control rutinario', 'Paciente evoluciona favorablemente');
INSERT INTO consulta (id, fecha, diagnostico, observaciones) VALUES (21, '2026-10-03', 'Dolor muscular', 'Paciente evoluciona favorablemente');
INSERT INTO consulta (id, fecha, diagnostico, observaciones) VALUES (22, '2026-08-15', 'Sin patología relevante', 'Requiere seguimiento');
INSERT INTO consulta (id, fecha, diagnostico, observaciones) VALUES (23, '2026-03-19', 'Infección leve', 'Sin incidencias');
INSERT INTO consulta (id, fecha, diagnostico, observaciones) VALUES (24, '2024-09-01', 'Seguimiento', 'Requiere seguimiento');
INSERT INTO consulta (id, fecha, diagnostico, observaciones) VALUES (25, '2024-09-09', 'Dolor muscular', 'Sin incidencias');
INSERT INTO consulta (id, fecha, diagnostico, observaciones) VALUES (26, '2026-02-09', 'Infección leve', 'Requiere seguimiento');
INSERT INTO consulta (id, fecha, diagnostico, observaciones) VALUES (27, '2024-12-26', 'Sin patología relevante', 'Sin incidencias');
INSERT INTO consulta (id, fecha, diagnostico, observaciones) VALUES (28, '2026-02-14', 'Sin patología relevante', 'Se receta medicación');
INSERT INTO consulta (id, fecha, diagnostico, observaciones) VALUES (29, '2026-10-08', 'Control rutinario', 'Se receta medicación');
INSERT INTO consulta (id, fecha, diagnostico, observaciones) VALUES (30, '2025-05-02', 'Infección leve', 'Paciente evoluciona favorablemente');
INSERT INTO consulta (id, fecha, diagnostico, observaciones) VALUES (31, '2026-03-02', 'Infección leve', 'Paciente evoluciona favorablemente');
INSERT INTO consulta (id, fecha, diagnostico, observaciones) VALUES (32, '2024-10-27', 'Control rutinario', 'Requiere seguimiento');
INSERT INTO consulta (id, fecha, diagnostico, observaciones) VALUES (33, '2026-04-23', 'Infección leve', 'Sin incidencias');
INSERT INTO consulta (id, fecha, diagnostico, observaciones) VALUES (34, '2025-11-30', 'Control rutinario', 'Requiere seguimiento');
INSERT INTO consulta (id, fecha, diagnostico, observaciones) VALUES (35, '2024-10-07', 'Control rutinario', 'Paciente evoluciona favorablemente');
INSERT INTO consulta (id, fecha, diagnostico, observaciones) VALUES (36, '2024-07-14', 'Dolor muscular', 'Se receta medicación');
INSERT INTO consulta (id, fecha, diagnostico, observaciones) VALUES (37, '2026-11-18', 'Infección leve', 'Sin incidencias');
INSERT INTO consulta (id, fecha, diagnostico, observaciones) VALUES (38, '2026-12-16', 'Seguimiento', 'Sin incidencias');
INSERT INTO consulta (id, fecha, diagnostico, observaciones) VALUES (39, '2026-11-29', 'Control rutinario', 'Paciente evoluciona favorablemente');
INSERT INTO consulta (id, fecha, diagnostico, observaciones) VALUES (40, '2025-04-14', 'Infección leve', 'Requiere seguimiento');

-- CITAS
INSERT INTO cita (id, fecha_hora, estado, paciente_id, profesional_id, consulta_id) VALUES (1, '2026-02-15 09:43:42', 'ATENDIDA', 9, 5, 1);
INSERT INTO cita (id, fecha_hora, estado, paciente_id, profesional_id, consulta_id) VALUES (2, '2025-12-31 04:43:42', 'ATENDIDA', 6, 7, 2);
INSERT INTO cita (id, fecha_hora, estado, paciente_id, profesional_id, consulta_id) VALUES (3, '2025-12-29 04:43:42', 'ATENDIDA', 7, 6, 3);
INSERT INTO cita (id, fecha_hora, estado, paciente_id, profesional_id, consulta_id) VALUES (4, '2026-01-09 10:43:42', 'CANCELADA', 17, 1, NULL);
INSERT INTO cita (id, fecha_hora, estado, paciente_id, profesional_id, consulta_id) VALUES (5, '2026-01-08 10:43:42', 'CANCELADA', 4, 2, NULL);
INSERT INTO cita (id, fecha_hora, estado, paciente_id, profesional_id, consulta_id) VALUES (6, '2026-02-12 12:43:42', 'PROGRAMADA', 15, 2, NULL);
INSERT INTO cita (id, fecha_hora, estado, paciente_id, profesional_id, consulta_id) VALUES (7, '2026-01-07 09:43:42', 'CANCELADA', 20, 4, NULL);
INSERT INTO cita (id, fecha_hora, estado, paciente_id, profesional_id, consulta_id) VALUES (8, '2025-12-20 07:43:42', 'PROGRAMADA', 8, 6, NULL);
INSERT INTO cita (id, fecha_hora, estado, paciente_id, profesional_id, consulta_id) VALUES (9, '2025-12-24 14:43:42', 'CANCELADA', 2, 6, NULL);
INSERT INTO cita (id, fecha_hora, estado, paciente_id, profesional_id, consulta_id) VALUES (10, '2026-02-10 12:43:42', 'ATENDIDA', 4, 8, 10);
INSERT INTO cita (id, fecha_hora, estado, paciente_id, profesional_id, consulta_id) VALUES (11, '2026-02-01 11:43:42', 'PROGRAMADA', 1, 4, NULL);
INSERT INTO cita (id, fecha_hora, estado, paciente_id, profesional_id, consulta_id) VALUES (12, '2025-12-22 10:43:42', 'ATENDIDA', 9, 6, 12);
INSERT INTO cita (id, fecha_hora, estado, paciente_id, profesional_id, consulta_id) VALUES (13, '2026-01-18 13:43:42', 'CANCELADA', 4, 7, NULL);
INSERT INTO cita (id, fecha_hora, estado, paciente_id, profesional_id, consulta_id) VALUES (14, '2026-02-07 14:43:42', 'CANCELADA', 13, 2, NULL);
INSERT INTO cita (id, fecha_hora, estado, paciente_id, profesional_id, consulta_id) VALUES (15, '2026-01-13 13:43:42', 'CANCELADA', 14, 5, NULL);
INSERT INTO cita (id, fecha_hora, estado, paciente_id, profesional_id, consulta_id) VALUES (16, '2026-01-10 06:43:42', 'CANCELADA', 14, 4, NULL);
INSERT INTO cita (id, fecha_hora, estado, paciente_id, profesional_id, consulta_id) VALUES (17, '2025-12-27 09:43:42', 'ATENDIDA', 4, 3, 17);
INSERT INTO cita (id, fecha_hora, estado, paciente_id, profesional_id, consulta_id) VALUES (18, '2025-12-21 08:43:42', 'PROGRAMADA', 8, 1, NULL);
INSERT INTO cita (id, fecha_hora, estado, paciente_id, profesional_id, consulta_id) VALUES (19, '2026-01-11 09:43:42', 'ATENDIDA', 9, 6, 19);
INSERT INTO cita (id, fecha_hora, estado, paciente_id, profesional_id, consulta_id) VALUES (20, '2026-02-02 11:43:42', 'PROGRAMADA', 2, 1, NULL);
INSERT INTO cita (id, fecha_hora, estado, paciente_id, profesional_id, consulta_id) VALUES (21, '2026-01-11 05:43:42', 'CANCELADA', 9, 1, NULL);
INSERT INTO cita (id, fecha_hora, estado, paciente_id, profesional_id, consulta_id) VALUES (22, '2026-01-17 10:43:42', 'PROGRAMADA', 9, 3, NULL);
INSERT INTO cita (id, fecha_hora, estado, paciente_id, profesional_id, consulta_id) VALUES (23, '2026-01-25 10:43:42', 'ATENDIDA', 20, 1, 23);
INSERT INTO cita (id, fecha_hora, estado, paciente_id, profesional_id, consulta_id) VALUES (24, '2026-01-06 09:43:42', 'PROGRAMADA', 13, 3, NULL);
INSERT INTO cita (id, fecha_hora, estado, paciente_id, profesional_id, consulta_id) VALUES (25, '2026-01-08 13:43:42', 'PROGRAMADA', 6, 7, NULL);
INSERT INTO cita (id, fecha_hora, estado, paciente_id, profesional_id, consulta_id) VALUES (26, '2026-01-21 14:43:42', 'CANCELADA', 2, 4, NULL);
INSERT INTO cita (id, fecha_hora, estado, paciente_id, profesional_id, consulta_id) VALUES (27, '2026-02-11 14:43:42', 'ATENDIDA', 10, 2, 27);
INSERT INTO cita (id, fecha_hora, estado, paciente_id, profesional_id, consulta_id) VALUES (28, '2026-01-28 12:43:42', 'CANCELADA', 5, 1, NULL);
INSERT INTO cita (id, fecha_hora, estado, paciente_id, profesional_id, consulta_id) VALUES (29, '2026-02-04 10:43:42', 'ATENDIDA', 7, 1, 29);
INSERT INTO cita (id, fecha_hora, estado, paciente_id, profesional_id, consulta_id) VALUES (30, '2026-01-21 04:43:42', 'ATENDIDA', 7, 8, 30);
INSERT INTO cita (id, fecha_hora, estado, paciente_id, profesional_id, consulta_id) VALUES (31, '2026-02-05 14:43:42', 'CANCELADA', 1, 7, NULL);
INSERT INTO cita (id, fecha_hora, estado, paciente_id, profesional_id, consulta_id) VALUES (32, '2026-02-08 11:43:42', 'PROGRAMADA', 16, 5, NULL);
INSERT INTO cita (id, fecha_hora, estado, paciente_id, profesional_id, consulta_id) VALUES (33, '2026-02-12 10:43:42', 'PROGRAMADA', 2, 4, NULL);
INSERT INTO cita (id, fecha_hora, estado, paciente_id, profesional_id, consulta_id) VALUES (34, '2026-02-07 08:43:42', 'PROGRAMADA', 12, 1, NULL);
INSERT INTO cita (id, fecha_hora, estado, paciente_id, profesional_id, consulta_id) VALUES (35, '2026-01-04 07:43:42', 'ATENDIDA', 17, 1, 35);
INSERT INTO cita (id, fecha_hora, estado, paciente_id, profesional_id, consulta_id) VALUES (36, '2026-01-17 13:43:42', 'PROGRAMADA', 8, 8, NULL);
INSERT INTO cita (id, fecha_hora, estado, paciente_id, profesional_id, consulta_id) VALUES (37, '2026-02-04 05:43:42', 'PROGRAMADA', 8, 3, NULL);
INSERT INTO cita (id, fecha_hora, estado, paciente_id, profesional_id, consulta_id) VALUES (38, '2026-01-06 11:43:42', 'PROGRAMADA', 19, 8, NULL);
INSERT INTO cita (id, fecha_hora, estado, paciente_id, profesional_id, consulta_id) VALUES (39, '2026-02-11 07:43:42', 'ATENDIDA', 12, 2, 39);
INSERT INTO cita (id, fecha_hora, estado, paciente_id, profesional_id, consulta_id) VALUES (40, '2026-01-15 14:43:42', 'PROGRAMADA', 8, 8, NULL);